{"cameraMode":{"drawMode":0,"name":"Shaded","section":"Shading Mode"},"sceneLighting":true,"audioPlay":false,"sceneViewState":{"m_AlwaysRefresh":false,"showFog":true,"showSkybox":true,"showFlares":true,"showImageEffects":true,"showParticleSystems":true,"showVisualEffectGraphs":true,"m_FxEnabled":true},"in2DMode":false,"pivot":{"x":23.331714630126954,"y":47.864017486572269,"z":-6.853651523590088},"rotation":{"x":0.4810495674610138,"y":-0.03338202089071274,"z":0.018357038497924806,"w":0.8759538531303406},"size":21.44902229309082,"orthographic":true}